{
    "$schema": "https://schema.management.azure.com/schemas/2015-01-01/deploymentParameters.json#",
    "contentVersion": "1.0.0.0",
    "parameters": {
        "name": {
            "value": "gsk-us7-corp-corp-asp-app-uat"
        },
        "AppInsightName": {
            "value": "gsk-us7-corp-corp-asp-app-uat"
        },        
        "location": {
            "value": "East US 2"
        },
        "hostingPlanName": {
            "value": "gsk-us7-corp-corp-asp-uat"
        },
        "alwaysOn": {
            "value": true
        },
        "currentStack": {
            "value": "dotnetcore"
        }
    }
}