{
    "$schema": "http://schema.management.azure.com/schemas/2015-01-01/deploymentTemplate.json#",
    "contentVersion": "1.0.0.0",
    "parameters": {
        "AzureSubscriptionId": {
            "type": "string",
            "defaultValue": "[subscription().subscriptionId]",
            "metadata": {
                "description": "Azure subscription identifier in which, app service will be provisioned"
            }
        },
        "name": {
            "type": "string",
            "metadata": {
                "description": "Name of App Service resource"
            }

        },
        "AppInsightName": {
            "type": "string",
            "metadata": {
                "description": "Name of Application Insight resource which will be used to log application related logs"
            }

        },            
        "location": {
            "type": "string",
            "defaultValue": "[resourceGroup().location]",
            "metadata": {
                "description": "A valid Azure location to provision the app service resource. For eg: Central US, East US 2, etc."
            }

        },
        "hostingPlanName": {
            "type": "string",
            "metadata": {
                "description": "Azure app service plan name (it is imperative that the app service plan resource pre-exists. Otherwise, the deployment for this resource will fail!). This will be a logical container for the app service and will determine compute and network infrastructure along with available features such as Auto-scaling, Custom Domain with SSL, etc."
            }

        },
        "serverFarmResourceGroup": {
            "type": "string",
            "defaultValue": "[resourceGroup().name]",
            "metadata": {
                "description": "Azure resource group name in which Azure app service plan is provisioned."
            }

        },
        "alwaysOn": {
            "type": "bool",
            "defaultValue": true,
            "allowedValues": [
                true,
                false
            ],
            "metadata": {
                "description": "This keeps the app loaded even when there's no traffic. It's required for continuous WebJobs or for WebJobs that are triggered using a CRON expression."
            }

        },
        "currentStack": {
            "type": "string",
            "defaultValue": "dotnetcore",
            "metadata": {
                "description": "This determines the software stack to run the app, including the language and SDK versions. For Linux apps and custom container apps, you can also set an optional start-up command or file."
            }

        }
    },
    "resources": [
        {
            "apiVersion": "2018-02-01",
            "name": "[parameters('name')]",
            "type": "Microsoft.Web/sites",
            "comments": "This resource provider namespace (Microsoft.Web) will provide a resource type of 'sites' which is basically an Azure App Service (eg: Web/API App, Mobile App and Azure Functions).",
            "location": "[parameters('location')]",
            "tags":{
                "Business Unit ID": "Corp",
                "Resource Function": "Compute",
                "Environment": "UAT",
                "Criticality": "High",
                "Location": "East US 2"
            },
            "dependsOn": [
                "[concat('microsoft.insights/components/',parameters('AppInsightName'))]"
            ],
            "properties": {
                "name": "[parameters('name')]",
                "siteConfig": {
                    "appSettings": [
                        {
                            "name": "APPINSIGHTS_INSTRUMENTATIONKEY",
                            "value": "[reference(concat('microsoft.insights/components/',parameters('AppInsightName')), '2015-05-01').InstrumentationKey]"
                        },
                        {
                            "name": "ApplicationInsightsAgent_EXTENSION_VERSION",
                            "value": "~2"
                        },
                        {
                            "name": "XDT_MicrosoftApplicationInsights_Mode",
                            "value": "default"
                        },
                        {
                            "name": "DiagnosticServices_EXTENSION_VERSION",
                            "value": "disabled"
                        },
                        {
                            "name": "APPINSIGHTS_PROFILERFEATURE_VERSION",
                            "value": "disabled"
                        },
                        {
                            "name": "APPINSIGHTS_SNAPSHOTFEATURE_VERSION",
                            "value": "disabled"
                        },
                        {
                            "name": "InstrumentationEngine_EXTENSION_VERSION",
                            "value": "disabled"
                        },
                        {
                            "name": "SnapshotDebugger_EXTENSION_VERSION",
                            "value": "disabled"
                        },
                        {
                            "name": "XDT_MicrosoftApplicationInsights_BaseExtensions",
                            "value": "disabled"
                        }
                    ],
                    "metadata": [
                        {
                            "name": "CURRENT_STACK",
                            "value": "[parameters('currentStack')]"
                        }
                    ],
                    "alwaysOn": "[parameters('alwaysOn')]"
                },
                "serverFarmId": "[concat('/subscriptions/', parameters('AzureSubscriptionId'),'/resourceGroups/', parameters('serverFarmResourceGroup'), '/providers/Microsoft.web/serverfarms/', parameters('hostingPlanName'))]", 
                "clientAffinityEnabled": true
            }
        },
        {
            "apiVersion": "2015-05-01",
            "name": "[parameters('AppInsightName')]",
            "type": "microsoft.insights/components",
            "comments": "This resource provider namespace (Microsoft.insights) will provide a resource type of 'components'. This service specifies to capture application-level logs (running as part of app service) which can be helpful in troublshooting situations.",
            "location": "[parameters('location')]",
            "tags": {
                "Business Unit ID": "Corp",
                "Resource Function": "Diagnostics",
                "Environment": "UAT",
                "Criticality": "Medium",
                "Location": "East US 2"
            },
            "properties": {
                "ApplicationId": "[parameters('name')]",
                "Request_Source": "IbizaWebAppExtensionCreate"
            }
        }
    ]
}