{
    "$schema": "https://schema.management.azure.com/schemas/2015-01-01/deploymentParameters.json#",
    "contentVersion": "1.0.0.0",
    "parameters": {
        "vnetName": {
            "value": "gsk-corp-platforms-uat-us6-vnet00001",
            "metadata": {
                "description": "Virtual network name could be Alphanumeric, hyphen, underscore, and period. Must adhere to GSK naming convention"
            }            
        },
        "vnetAddressPrefix": {
            "value": "10.235.160.0/19",
            "metadata": {
                "description": "Refer https://myconfluence.gsk.com/display/CDP/Creating+Virtual+Machines+in+VNETs"
            }            
        },
        "subnet1Prefix": {
            "value": "10.235.160.64/27",
            "metadata": {
                "description": "Refer https://myconfluence.gsk.com/display/CDP/Creating+Virtual+Machines+in+VNETs"
            }            
        },
        "subnet2Prefix": {
            "value": "10.235.160.96/27",
            "metadata": {
                "description": "Refer https://myconfluence.gsk.com/display/CDP/Creating+Virtual+Machines+in+VNETs"
            }              
        },
        "subnet3Prefix": {
            "value": "10.235.160.128/27",
            "metadata": {
                "description": "Refer https://myconfluence.gsk.com/display/CDP/Creating+Virtual+Machines+in+VNETs"
            }              
        },
        "subnet4Prefix": {
            "value": "10.235.160.160/27",
            "metadata": {
                "description": "Refer https://myconfluence.gsk.com/display/CDP/Creating+Virtual+Machines+in+VNETs"
            }              
        },
        "subnet1Name": {
            "value": "gsk-corp-platforms-uat-us6-vnet00001-sub00001-appgw",
            "metadata": {
                "description": "SubNet name must be unique within the virtual network."
            }
        },
        "subnet2Name": {
            "value": "gsk-corp-platforms-uat-us6-vnet00001-sub00002-internal",
            "metadata": {
                "description": "SubNet name must be unique within the virtual network."
            }
        },
        "subnet3Name": {
            "value": "gsk-corp-platforms-uat-us6-vnet00001-sub00003-external",
            "metadata": {
                "description": "SubNet name must be unique within the virtual network."
            }
        },
        "subnet4Name": {
            "value": "gsk-corp-platforms-uat-us6-vnet00001-sub00004-management",
            "metadata": {
                "description": "SubNet name must be unique within the virtual network."
            }
        },
        "location": {
            "value": "East US 2",
            "metadata": {
                "description": "Refer https://myconfluence.gsk.com/display/CDP/Azure+Regions+and+Location+Codes"
            }            
        }
    }
}