﻿{
  "$schema": "https://schema.management.azure.com/schemas/2015-01-01/deploymentTemplate.json#",
  "contentVersion": "1.0.0.0",
  "parameters": {
    "vnetName": {
      "type": "string",
      "defaultValue": "gsk-corp-platforms-uat-us6-vnet00001",
      "metadata": {
        "description": "Virtual Network Name"
      }
    },
    "vnetAddressPrefix": {
      "type": "string",
      "defaultValue": "10.235.160.0/19",
      "metadata": {
        "description": "Virtual Network Address Space"
      }
    },
    "subnet1Prefix": {
      "type": "string",
      "defaultValue": "10.235.160.64/27",
      "metadata": {
        "description": "Subnet 1 Address Space"
      }
    },
    "subnet2Prefix": {
      "type": "string",
      "defaultValue": "10.235.160.96/27",
      "metadata": {
        "description": "Subnet 2 Address Space"
      }
    },
    "subnet3Prefix": {
      "type": "string",
      "defaultValue": "10.235.160.128/27",
      "metadata": {
        "description": "Subnet 3 Address Space"
      }
    },
    "subnet4Prefix": {
      "type": "string",
      "defaultValue": "10.235.160.160/27",
      "metadata": {
        "description": "Subnet 4 Address Space"
      }
    },    
    "subnet1Name": {
      "type": "string",
      "defaultValue": "gsk-corp-platforms-uat-us6-vnet00001-sub00001-appgw",
      "metadata": {
        "description": "Subnet 1 Name"
      }
    },
    "subnet2Name": {
      "type": "string",
      "defaultValue": "gsk-corp-platforms-uat-us6-vnet00001-sub00002-internal",
      "metadata": {
        "description": "Subnet 2 Name"
      }
    },
    "subnet3Name": {
      "type": "string",
      "defaultValue": "gsk-corp-platforms-uat-us6-vnet00001-sub00003-external",
      "metadata": {
        "description": "Subnet 3 Name"
      }
    },
    "subnet4Name": {
      "type": "string",
      "defaultValue": "gsk-corp-platforms-uat-us6-vnet00001-sub00004-management",
      "metadata": {
        "description": "Subnet 4 Name"
      }
    },
    "location": {
      "type": "string",
      "defaultValue": "[resourceGroup().location]",
      "metadata": {
        "description": "The location in which the resources should be deployed. The location parameter must not contain allowedValues, as these will not be applicable to all clouds"
      }
    }
  },
  "variables": {},
  "resources": [
    {
      "apiVersion": "2018-10-01",
      "type": "Microsoft.Network/virtualNetworks",
      "comments": "This resource provider namespace (Microsoft.Network) will provide a resource type of 'Virtual Networks' which is basically a software-based network that defines logical network limits of your organization.",
      "tags":{
        "Business Unit ID": "Corp",
        "Resource Function": "Network",
        "Environment": "UAT",
        "Criticality": "High",
        "Location": "East US 2"
      },
      "name": "[parameters('vnetName')]",
      "location": "[parameters('location')]",
      "properties": {
        "addressSpace": {
          "addressPrefixes": [
            "[parameters('vnetAddressPrefix')]"
          ]
        }
      },
      "resources": [
        {
          "apiVersion": "2018-10-01",
          "type": "subnets",
          "comments": "This is a nested resource as part of Virtual Network provisioning. Subnetting is a concept of breaking your network down into smaller networks. We require subnets to segregrate workloads/resources as per network design requirements",
          "location": "[parameters('location')]",
          "name": "[parameters('subnet1Name')]",
          "dependsOn": [
            "[parameters('vnetName')]"
          ],
          "properties": {
            "addressPrefix": "[parameters('subnet1Prefix')]"
          }
        },
        {
          "apiVersion": "2018-10-01",
          "type": "subnets",
          "comments": "This is a nested resource as part of Virtual Network provisioning. Subnetting is a concept of breaking your network down into smaller networks. We require subnets to segregrate workloads/resources as per network design requirements",
          "location": "[parameters('location')]",
          "name": "[parameters('subnet2Name')]",
          "dependsOn": [
            "[parameters('vnetName')]",
            "[parameters('subnet1Name')]"
          ],
          "properties": {
            "addressPrefix": "[parameters('subnet2Prefix')]"
          }
        },
        {
          "apiVersion": "2018-10-01",
          "type": "subnets",
          "comments": "This is a nested resource as part of Virtual Network provisioning. Subnetting is a concept of breaking your network down into smaller networks. We require subnets to segregrate workloads/resources as per network design requirements",
          "location": "[parameters('location')]",
          "name": "[parameters('subnet3Name')]",
          "dependsOn": [
            "[parameters('vnetName')]",
            "[parameters('subnet2Name')]"
          ],
          "properties": {
            "addressPrefix": "[parameters('subnet3Prefix')]"
          }
        },
        {
          "apiVersion": "2018-10-01",
          "type": "subnets",
          "comments": "This is a nested resource as part of Virtual Network provisioning. Subnetting is a concept of breaking your network down into smaller networks. We require subnets to segregrate workloads/resources as per network design requirements",
          "location": "[parameters('location')]",
          "name": "[parameters('subnet4Name')]",
          "dependsOn": [
            "[parameters('vnetName')]",
            "[parameters('subnet3Name')]"
          ],
          "properties": {
            "addressPrefix": "[parameters('subnet4Prefix')]"
          }
        }                        
      ]
    }
  ]
}