{
    "$schema": "https://schema.management.azure.com/schemas/2015-01-01/deploymentParameters.json#",
    "contentVersion": "1.0.0.0",
    "parameters": {
        "location": {
            "value": "East US 2"
        },
        "existingVirtualNetworkName": {
            "value": "gsk-corp-platforms-uat-us7-vnet00001"
        },
        "applicationGatewayName": {
            "value": "gsk-corp-platforms-uat-us7-vnet00001-appgw-waf"
        },
        "skuSize": {
            "value": "WAF_v2"
        },
        "capacity": {
            "value": 2
        },
        "subnetName": {
            "value": "gsk-corp-platforms-uat-us7-vnet00001-sub00001-appgw"
        },
        "publicIpAddressName": {
            "value": "gsk-corp-platforms-uat-us7-vnet00001-appgw-waf-pip01"
        },
        "sku": {
            "value": "Standard"
        },
        "allocationMethod": {
            "value": "Static"
        }
    }
}