{
    "$schema": "http://schema.management.azure.com/schemas/2015-01-01/deploymentTemplate.json#",
    "contentVersion": "1.0.0.0",
    "parameters": {
        "location": {
            "type": "string",
            "defaultValue" : "[resourceGroup().location]",
            "metadata": {
                "description": "A valid Azure location to provision the app gateway resource. For eg: Central US, East US 2, etc."
            }
        },
        "applicationGatewayName": {
            "type": "string",
            "metadata": {
                "description": "Name of application gateway resource."
            }
        },
        "skuSize": {
            "type": "string",
            "allowedValues": [
                "WAF_v2"
            ],
            "defaultValue": "WAF_v2",
            "metadata": {
                "description": "Specifies the application gateway SKU name. Please refer to the following link for more details : https://azure.microsoft.com/en-us/pricing/details/application-gateway/"
            }
        },
        "capacity": {
            "type": "int",
            "defaultValue": 2,
            "allowedValues": [
                1,
                2,
                3,
                4,
                5,
                6,
                7,
                8,
                9,
                10
            ],            
            "metadata": {
                "description": "Specifies the number of the application gateway instances."
            }
        },
        "existingVirtualNetworkName": {
            "type": "string",
            "metadata": {
            "description": "Name of the existing virtual network that the application gateway will be associated to."
            }
        },
        "existingVirtualNetworkResourceGroup": {
            "type": "string",
            "defaultValue": "[resourceGroup().name]",
            "metadata": {
            "description": "Name of the existing resource group in which the virtual network is provisioned."
        }
        },
        "subnetName": {
            "type": "string",
            "metadata": {
                "description": "Subnet name that will contain the Application Gateway resource."
            }
        },
        "wafEnabled": {
        "type": "bool",
        "defaultValue": true,
        "metadata": {
            "description": "WAF Enabled"
        }
        },
        "wafMode": {
        "type": "string",
        "allowedValues": [
            "Detection",
            "Prevention"
        ],
        "defaultValue": "Detection",
        "metadata": {
            "description": "WAF Mode"
        }
        },
        "wafRuleSetType": {
        "type": "string",
        "allowedValues": [
            "OWASP"
        ],
        "defaultValue": "OWASP",
        "metadata": {
            "description": "WAF Rule Set Type"
        }
        },
        "wafRuleSetVersion": {
        "type": "string",
        "allowedValues": [
            "2.2.9",
            "3.0"
        ],
        "defaultValue": "3.0",
        "metadata": {
            "description": "WAF Rule Set Version"
        }
        },
        "publicIpAddressName": {
            "type": "string",
            "metadata": {
                "description": "Specifies Public IP address resource name which will be associated to Application Gateway's front-end IP configuration. This IP address makes Application Gateway internet-accessible."
            }
        },
        "sku": {
            "type": "string",
            "defaultValue": "Standard",
            "allowedValues":[
                "Standard"
            ],
            "metadata": {
                "description": "Specifies Public IP SKU name. Please refer to the following link for more details : https://docs.microsoft.com/en-us/azure/virtual-network/virtual-network-ip-addresses-overview-arm"
            }
        },
        "allocationMethod": {
            "type": "string",
            "defaultValue": "Static",
            "allowedValues":[
                "Static"
            ],
            "metadata": {
                "description": "Specifies the IP address allocation method. Allocation method can be 'Dynamic' or 'Static' but since we don't want the Public IP address to change, we will limit the parameter value to 'Static'. This means that the Public IP address resource is assigned an IP address at the time it is created and the IP address is released when the resource is deleted."
            }
        }
    },
    "variables": {
        "vnetId": "[resourceId(parameters('existingVirtualNetworkResourceGroup'), 'Microsoft.Network/virtualNetworks', parameters('existingVirtualNetworkName'))]",
        "publicIPRef": "[resourceId('Microsoft.Network/publicIPAddresses/', parameters('publicIpAddressName'))]",
        "subnetRef": "[concat(variables('vnetId'), '/subnets/', parameters('subnetName'))]",
        "applicationGatewayId": "[resourceId('Microsoft.Network/applicationGateways', parameters('applicationGatewayName'))]"
    },
    "resources": [
        {
            "name": "[parameters('applicationGatewayName')]",
            "type": "Microsoft.Network/applicationGateways",
            "comments": "This resource provider namespace (Microsoft.Network) will provide a resource type of 'Application Gateway'. Application Gateway is a layer-7 (referring to OSI model layers) load balancer which has the intelligence to route traffic based off of asset type and/or url (for eg: url containing '/images' reference will be routed to the server containing images). App gateway also provides out-of-the-box Web application firewall (WAF) features which can provide security against vulnerabilities like cross-site scripting, SQL-Injection, etc. ",
            "apiVersion": "2019-02-01",
            "location": "[parameters('location')]",
            "dependsOn": [
                "[concat('Microsoft.Network/publicIPAddresses/', parameters('publicIpAddressName'))]"
            ],
            "tags":{
                "Business Unit ID": "Corp",
                "Resource Function": "Web Application Firewall/Load Balancer",
                "Environment": "UAT",
                "Criticality": "High",
                "Location": "East US 2"
            },
            "properties": {
                "sku": {
                    "name": "[parameters('skuSize')]",
                    "tier": "[parameters('skuSize')]",
                    "capacity": "[parameters('capacity')]"
                },
                "gatewayIPConfigurations": [
                    {
                        "name": "appGatewayIpConfig",
                        "properties": {
                            "subnet": {
                                "id": "[variables('subnetRef')]"
                            }
                        }
                    }
                ],
                "frontendIPConfigurations": [
                    {
                        "name": "appGwPublicFrontendIp",
                        "properties": {
                            "PublicIPAddress": {
                                "id": "[variables('publicIPRef')]"
                            }
                        }
                    }
                ],
                "frontendPorts": [
                    {
                        "name": "port_80",
                        "properties": {
                            "Port": 80
                        }
                    }
                ],
                "backendAddressPools": [
                    {
                        "name": "gsk-corp-platforms-uat-us7-vnet00001-appgw-waf-backend",
                        "properties": {
                            "backendAddresses": [
                                {
                                    "fqdn": "gsk-us7-corp-corp-asp-app-uat.azurewebsites.net"
                                }
                            ]
                        }
                    }
                ],
                "backendHttpSettingsCollection": [
                    {
                        "name": "gsk-corp-platforms-uat-us7-vnet00001-appgw-waf-http-port-80",
                        "properties": {
                            "Port": 80,
                            "Protocol": "Http",
                            "cookieBasedAffinity": "Disabled",
                            "requestTimeout": 20,
                            "pickHostNameFromBackendAddress": true,
                            "probe": {
                                "id": "[concat(variables('applicationGatewayId'), '/probes/gsk-corp-platforms-uat-us7-vnet00001-appgw-waf-http-port-80-probe')]"
                            }
                        }
                    }
                ],
                "httpListeners": [
                    {
                        "name": "gsk-corp-platforms-uat-us7-vnet00001-appgw-waf-route-rule-listener",
                        "properties": {
                            "frontendIPConfiguration": {
                                "id": "[concat(variables('applicationGatewayId'), '/frontendIPConfigurations/appGwPublicFrontendIp')]"
                            },
                            "frontendPort": {
                                "id": "[concat(variables('applicationGatewayId'), '/frontendPorts/port_80')]"
                            },
                            "protocol": "Http",
                            "sslCertificate": null
                        }
                    }
                ],
                "requestRoutingRules": [
                    {
                        "Name": "gsk-corp-platforms-uat-us7-vnet00001-appgw-waf-route-rule",
                        "properties": {
                            "RuleType": "Basic",
                            "httpListener": {
                                "id": "[concat(variables('applicationGatewayId'), '/httpListeners/gsk-corp-platforms-uat-us7-vnet00001-appgw-waf-route-rule-listener')]"
                            },
                            "backendAddressPool": {
                                "id": "[concat(variables('applicationGatewayId'), '/backendAddressPools/gsk-corp-platforms-uat-us7-vnet00001-appgw-waf-backend')]"
                            },
                            "backendHttpSettings": {
                                "id": "[concat(variables('applicationGatewayId'), '/backendHttpSettingsCollection/gsk-corp-platforms-uat-us7-vnet00001-appgw-waf-http-port-80')]"
                            }
                        }
                    }
                ],
                "enableHttp2": false,
                "sslCertificates": [],
                "probes": [
                    {
                        "name": "gsk-corp-platforms-uat-us7-vnet00001-appgw-waf-http-port-80-probe",
                        "properties": {
                            "backendHttpSettings": [
                                {
                                    "id": "[concat(variables('applicationGatewayId'), '/backendHttpSettingsCollection/gsk-corp-platforms-uat-us7-vnet00001-appgw-waf-http-port-80')]"
                                }
                            ],
                            "interval": 30,
                            "minServers": 0,
                            "path": "/",
                            "protocol": "Http",
                            "timeout": 30,
                            "unhealthyThreshold": 3,
                            "pickHostNameFromBackendHttpSettings": true
                        }
                    }
                ],
                "webApplicationFirewallConfiguration": {
                    "enabled": "[parameters('wafEnabled')]",
                    "firewallMode": "[parameters('wafMode')]",
                    "ruleSetType": "[parameters('wafRuleSetType')]",
                    "ruleSetVersion": "[parameters('wafRuleSetVersion')]",
                    "disabledRuleGroups": []
                 }
            }
        },
        {
            "apiVersion": "2019-02-01",
            "type": "Microsoft.Network/publicIPAddresses",
            "comments": "This resource provider namespace (Microsoft.Network) will provide a resource type of 'Public IP Address'. A Public IP address can be attached to a Virtual Machine's Network Interface Card, a VPN Gateway, an application gateway and a public L4 (refers to OSI model layers) azure load balancer. Attaching a public IP address to these resources makes them internet-accessible.",
            "name": "[parameters('publicIpAddressName')]",
            "location": "[parameters('location')]",
            "tags":{
                "Business Unit ID": "Corp",
                "Resource Function": "Network/Internet-Accessibility",
                "Environment": "UAT",
                "Criticality": "High",
                "Location": "East US 2"
            },
            "sku": {
                "name": "[parameters('sku')]"
            },
            "properties": {
                "publicIPAllocationMethod": "[parameters('allocationMethod')]"
            }
        }
    ]
}