{
    "$schema": "http://schema.management.azure.com/schemas/2015-01-01/deploymentTemplate.json#",
    "contentVersion": "1.0.0.0",
    "parameters": {
        "name": {
            "type": "string",
            "metadata": {
                "description": "The name of the App Service plan."
            }
        },
        "location": {
            "type": "string",
            "defaultValue": "[resourceGroup().location]",
            "metadata": {
                "description": "Azure location to provision resources."
            }            
        },
        "sku": {
            "type": "string",
            "defaultValue": "Standard",
            "allowedValues": [
                "Basic",
                "Standard",
                "Premium"
            ],
            "metadata": {
                "description": "The pricing tier for the App Service plan which determines limits like number of VM instances per app service plan, number of app services per app service plan, feature sets like custom domain with SSL, storage size, etc."
            }            
        },
        "skucode": {
            "type": "string",
            "defaultValue": "S1",
            "allowedValues": [
                "B1",
                "B2",
                "B3",
                "S1",
                "S2",
                "S3",
                "P1",
                "P2",
                "P3",
                "P4"
            ],
            "metadata": {
                "description": "Describes plan's pricing tier and capacity. Check details at https://azure.microsoft.com/en-us/pricing/details/app-service/"
            }            
        },
        "numberOfWorkers": {
            "type": "string",
            "defaultValue": "1",
            "metadata": {
                "description": "Number of VM Instances as part of the App Service Plan. For a premium multi-tenant service pricing tier, this value can go up to 20 instances."
            }            
        }
    },
    "resources": [
        {
            "apiVersion": "2016-03-01",
            "name": "[parameters('name')]",
            "type": "Microsoft.Web/serverfarms",
            "comments":"This resource provider namespace (Microsoft.Web) will provide a resource type of 'ServerFarms' which is basically a logical container for Azure App Services (eg: Web/API App, Mobile App and Azure Functions) that determines compute capability and isolation.",
            "location": "[parameters('location')]",
            "kind": "",
            "tags":{
                "Business Unit ID": "Corp",
                "Resource Function": "Compute",
                "Environment": "UAT",
                "Criticality": "High",
                "Location": "East US 2"
            },
            "properties": {
                "name": "[parameters('name')]",
                "numberOfWorkers": "[parameters('numberOfWorkers')]",
                "reserved": false
                
            },
            "sku": {
                "Tier": "[parameters('sku')]",
                "Name": "[parameters('skuCode')]"
            }
        }
    ]
}